customerID;country;gender;firstNames;lastNames
76688;uk;Male;Shane;Alcantar
10591;uk;Male;Trevon;Williams
13024;uk;Female;Autumn;Shields
4176;uk;Female;Kaliyah;el-Nagi
7941;ger;Male;Jacob;Wu
57203;ger;Female;Evelyn;Montgomery
39322;uk;Male;Hudhaifa;Demessie
50521;uk;Male;Joshua;Wallace
76315;ger;Male;Michael;Gorden
75570;uk;Male;Annnees;Kim
5217;ger;Male;Eric;el-Karim
49887;uk;Female;Maryissa;Howard
58860;ger;Male;Ondrey;Smith
24021;uk;Female;Kiana;Smith
64577;ger;Female;Tanaya;White
86289;ger;Male;Sharaf;Forbes
75057;ger;Female;Makenzie;Matthews
81160;uk;Male;Skylar;Urban
44531;uk;Male;Miqdaad;Tveter
94682;uk;Female;Chasity;Vallejos
77326;uk;Female;Juliet;Kakinari
59414;ger;Male;Lewis;Howell
90383;uk;Male;Jawaad;Guzman-Aragon
23210;uk;Male;Oscar;Savage Jr
53031;ger;Female;Jana;Hayes
95116;ger;Female;Jessica;al-Khalifa
50699;uk;Male;Weldon;Whitney-Smith
8874;uk;Female;Mallory;Mayville
54910;uk;Male;Azmi;Barraza
59365;ger;Female;Tsolmon;al-Noorani
82372;ger;Female;Allyssa;el-Suleiman
3406;ger;Male;Tyler;Melonas
91735;uk;Male;Bradley;Galvan
71050;uk;Male;Naazil;Rios
76168;ger;Male;Boris;Pautsch
59265;ger;Female;Karen;Tamir
6933;ger;Male;Noel;Cox
24405;uk;Female;Vaniesha;Gutierrez
80823;uk;Female;Desiree;Moreno
10661;ger;Male;Kevin;Inkhamfong
47160;ger;Female;Salwa;al-Qazi
75851;ger;Female;Alexis;Maier
52837;ger;Female;Phuong;Larribas
49746;uk;Male;Tyler;al-Sham
47314;uk;Female;Mya;Slowman
31647;uk;Male;Douglas;al-Begum
16245;uk;Male;Jaime;Garduno
82918;ger;Female;Mychal;al-Mansur
82543;uk;Female;Fakeeha;Goodell
35434;uk;Female;Rayven;Mark
62292;ger;Female;Sarahy;Vongkham
99956;ger;Female;Brianna;el-Badour
9520;uk;Male;Adnaan;Espinoza
64292;uk;Male;Christopher;el-Aboud
77871;uk;Male;Tristen;al-Jaffer
39198;ger;Male;Antonio;Schlose
13416;uk;Male;Jordan;Herrera
56947;ger;Male;Clifton;Chou
27951;ger;Male;Onaopepo;Brink
1975;uk;Male;Nicholas;Han
29090;uk;Female;Shakchhi;el-Hanif
62413;ger;Female;Paloma;Gilbert
99458;ger;Female;Erin;Strong
33752;uk;Female;Soua;el-Rashid
92401;ger;Male;Thaylor;Russell
48640;ger;Female;Reed;Banks-Harris
41047;uk;Male;Abdur Rahmaan;Vargas
84267;uk;Female;Andrea;Rundle
69361;ger;Male;Abdul Ghani;Ransom
31747;uk;Male;Adrian;Guill
52659;ger;Female;Shameema;al-Hoque
15213;uk;Male;Coleman;Pope
43524;ger;Male;Kyle;Pope
20974;uk;Male;Jeraldo;Guerette
89754;uk;Female;Elle-Han;Sowers
66020;ger;Female;Destiney;Horst
34301;ger;Female;Sabriyya;el-Bari
91292;uk;Male;Francesco;Moore
15589;uk;Male;Joshua;Howell
62416;uk;Female;Autumn;Lynott
52991;uk;Female;Bailey;el-Pashia
21534;ger;Female;Kathryn;Zhu
51979;uk;Male;Christopher;Winkler
63190;uk;Female;Que;Galassini
78039;ger;Male;Saami;Smith
25933;uk;Female;Hannah;Marynowski
22184;ger;Female;Juliana;Brown
31066;ger;Female;Carolyn;Grantham
2124;ger;Male;Rillard;Gonzalez
1625;uk;Female;Julia;Lanz
81638;uk;Female;Naaamorkor;Colson
17466;uk;Female;Lily;Delgado
24904;ger;Female;Karolyn;Lor
53334;uk;Male;Sky;Ruybal
78074;ger;Female;Clintasia;Lucero
21316;ger;Male;Raihaan;al-Salahuddin
93226;uk;Male;Samuel;Tran
19234;ger;Male;Dominic;Blackner
31065;ger;Female;Kifaaya;Salazar
45202;ger;Female;Sandra;Gurreri
60401;ger;Female;Lauren;Mellon
85461;ger;Male;Andrew;Quezada Reyna
49302;ger;Female;Lailanie;Albright-Linzy
81287;ger;Female;Teresa;el-Suleiman
30789;ger;Female;Marisa;Arellano
70943;uk;Male;Muslih;Rosas
89235;ger;Male;Henry;Lacy
90007;uk;Female;Reynu;Crane
64696;uk;Female;Sofia;el-Murad
41454;ger;Male;Tyler;Pebworth-Brown
98601;ger;Female;Destiny;el-Sharaf
43300;ger;Male;Isaac;Miller
38397;moon;Female;Jocelyn;Sandhagen
69804;ger;Female;Ashley;Romero
4182;ger;Female;Marissa;Mello
5413;ger;Male;Grant;Munoz
1685;ger;Male;Chad;Clayton
63692;uk;Male;Andres;Dasig
30329;uk;Male;Samih;al-Abdallah
71659;uk;Female;Sabrina;Carlson
90231;uk;Female;Awda;Hawkins
85091;uk;Male;Santos;Brown
93558;ger;Male;Waleed;Lopez
6590;uk;Male;Wajeeb;Watanabe
45757;uk;Male;Saevier;So
15309;ger;Female;Kaile;al-Abdelrahman
91370;uk;Male;Nawfal;Dougherty
66361;uk;Male;Kevin;al-Rahim
92826;ger;Female;Caitlyn;Juan
23934;ger;Female;Taqiyya;Grano
56078;uk;Female;Haleema;Ross
55662;ger;Male;Johnathan;Gall
52529;uk;Male;Saajid;Vue
31147;uk;Female;Hamdoona;Kendee
78246;uk;Male;Kade;Garcia
78266;uk;Female;Angelica;Stewart
24205;moon;Male;Malik;al-Shaheed
5795;uk;Male;Gabriel Saul;al-Saleh
12254;uk;Male;Jarryd;Brundage
20682;ger;Female;Saara;Pham
17856;uk;Female;Cristal;Cross
18500;ger;Male;Conrad;Durgan
5094;uk;Male;Jose;Russell
42137;uk;Female;Fikriyya;Weiss
82906;ger;Male;Gabriel;Kwag
50580;ger;Female;Wadha;Ortiz
18378;ger;Male;Angel;Rasmussen
25422;uk;Female;Jessica;Bradford
92806;uk;Female;Destiny;Lor
75319;uk;Female;Anna;Ascarrunz
71230;ger;Female;Heather;el-Hanif
84761;ger;Female;Jamillah;Smith
91519;ger;Female;Fuaada;Boucher
45033;uk;Male;Kyle;Guice
28803;uk;Male;Gerson;al-Javed
18305;uk;Female;Savannah;Ma
88936;ger;Female;Taylor;Zhang
42783;ger;Male;Sean;Sanchez
67004;ger;Female;Ka-Cee;Elgin
19205;ger;Female;Umaira;Kashefska
78085;ger;Male;Deangelo;el-Koroma
61341;ger;Male;Yeng;Sims
54632;ger;Female;Jesenia;Villegas
22258;ger;Male;Shaefer;Vasquez
3912;ger;Male;Tylor;Dieken
75100;ger;Female;Danielle;Anderson
22476;ger;Male;Cody;Smith
99639;ger;Male;Faadil;Mengesha
79148;uk;Male;Randall;Nguyen
40570;ger;Male;William;al-Mina
17839;uk;Female;Shameema;al-Kazi
21263;uk;Female;Susie;Ganem
16925;ger;Female;Alaina;Fields
45175;uk;Female;Najeeba;Rivera Mosqueda
75092;uk;Male;Tyrell;Mack
99735;ger;Male;Vincent;Davidson
76967;uk;Female;Carly;al-Hakim
80977;uk;Male;Dominique;Palmer
15464;ger;Female;Rashele;Root
26509;ger;Female;Chandler;el-Azam
99001;uk;Male;Jung Hoon;Maxey
13639;uk;Female;Mimi;Taylor Pensado
22404;uk;Male;Marzooq;Chavez
7266;uk;Female;Heather;Arrates
26042;ger;Male;Luwai;Mestas
3516;uk;Female;Mercedes;Cortez
85471;uk;Female;Nadheera;al-Halim
17195;ger;Male;Jasirii;al-Saber
32359;uk;Female;Aurora;el-Sani
7901;uk;Female;Mumtaaza;Zemach
63467;uk;Female;Jo;Reyher
29909;uk;Male;Peter;Santos
70212;uk;Female;Taeler;Santos
76367;uk;Male;Randy;Thoutt
17715;uk;Female;Kendra;Tarango Sandoval
44292;ger;Female;Priyanka;Pritchett
15142;uk;Male;Daniel;Wagner-Smith
92941;ger;Male;Toshal;el-Vohra
89900;uk;Male;Connor;Anderson
27599;ger;Female;Brenda;Thorpe
8626;ger;Female;Kaitlyn;al-Naqvi
61228;ger;Male;Abhinav;Snyder
61896;ger;Male;Anthony;el-Jabbar
15477;uk;Male;Ghaamid;Gantulga
37096;ger;Female;Christine;el-Nassif
68259;uk;Male;David;Patton
89218;ger;Male;Mathew;Lamb
96203;uk;Female;Brenda;Scott
74359;ger;Female;Mastoora;al-Mahmud
13379;uk;Female;Kelly;Lovato
9815;ger;Male;Dong Sung;Estudillo
20752;ger;Male;Yahya;Culpepper
63583;ger;Male;John;Begay
78762;uk;Male;Brandon;Begay
99501;uk;Female;Artinese;Zarkin
58971;ger;Female;Uyanga;el-Aman
48458;ger;Female;Lexi;Sharza
2211;uk;Male;Kelsey;Tran
42251;ger;Male;Jota;Ross
53191;uk;Male;Darrien;Jasper
88404;uk;Female;Elisa;Talley
13304;uk;Male;Newton;Mckinney
31314;ger;Male;Christopher;Almosawi
1814;uk;Male;David;Pacheco
48369;uk;Female;Abigail;Tarin
49235;ger;Female;Kinaana;Petrov
35799;uk;Male;Baaqir;el-Greiss
73390;ger;Female;Kiersten;el-Habeeb
26150;ger;Male;Rifaah;Wilson
30458;uk;Male;Kolten;Aslami
81690;uk;Female;Turfa;Spotton
97036;uk;Female;Lina;Muniz
87513;ger;Male;Gage;Thompson
62912;ger;Male;Khaleel;Patel
23548;ger;Male;Ryan;Davis
19284;moon;Female;Amber;Franco
85894;uk;Male;Javier;Gusta
15410;ger;Female;Kendell;Stamey-Carter
94345;uk;Male;Abdur Rasheed;Amanatullah
23662;uk;Male;Roger;al-Ammar
34540;ger;Female;Megan;Battumur
3746;uk;Male;Trevor;Nunez Cordero
19549;ger;Male;Jacob;Lang
85027;uk;Female;Marissa;Lawson
17194;uk;Female;Tiffani;Blair
48570;ger;Male;Amninder;Brave
21581;uk;Female;Sofia;Hernandez
60644;ger;Female;Tameema;Peil
6945;uk;Female;Kirsten;Lansing
68289;ger;Female;Melanie;Dizinno
56871;ger;Male;Carlee;Motazedi
38076;uk;Male;Marco;Jennings
62469;uk;Female;Rachel;Johnson
54006;uk;Female;Hissa;Kim
51385;uk;Male;Landon;Versteegt
46920;ger;Female;Kiarra;Medina
36883;ger;Female;Kelsey;Perkins
62729;uk;Female;Magnea;Dao
9354;uk;Female;Jade;Arellano
47268;ger;Female;Amy;Cisneros
81020;uk;Female;Gabriella;Page
32764;ger;Male;Collin;Steffens
83058;uk;Female;Esainea;Carter
69207;uk;Male;Isaiah;Sheafe
69031;uk;Female;Alysia;Gage
30094;uk;Male;Seth;Smith
45565;ger;Male;Mazeed;Martinez
19475;ger;Male;Marcus;Baum
16701;ger;Male;Kyle;Varghese
82696;ger;Female;Harmann;Carter
37932;uk;Female;Molly;Thames
77572;uk;Male;Hubert;al-Sinai
36662;uk;Male;Izaak;Herrera
5535;ger;Female;Hailey;Antolin
95963;uk;Male;Donte;Mcintosh
48569;ger;Male;Kaylen;Hazelman
67671;uk;Male;Aaron;Alarid
49673;ger;Female;Ashley;el-Masri
39095;uk;Male;Christopher;Anaya
48460;uk;Female;Muzaina;Smythe
20905;ger;Female;Haajara;Sinden
43298;uk;Male;Luqmaan;Cruz
4033;ger;Female;Aliyya;Martinez-Wright
90409;ger;Male;Max;Blackmon
82070;ger;Male;Jarrod;Joseph
67666;ger;Male;Colton;el-Alli
95864;ger;Male;Cartrell;Gomez-Carrillo
79308;ger;Male;Roy;Irish
42247;ger;Male;Charles;Lim
48368;uk;Female;Jameika;el-Shaheen
22916;uk;Female;Ayala;Kwon
44429;ger;Male;Jesus;Laclay
40068;uk;Female;Genevieve;Garcia
44031;ger;Male;Chaunsae;Regenold
41417;ger;Male;Rene;Gallarza
85538;ger;Male;Brandon;Thompson
85359;ger;Male;Daniel;Strait
61755;uk;Female;Amanda;Mujkic
89339;uk;Female;Morgan;Acosta
45192;uk;Female;Harleigh;Barcelona
29633;ger;Male;Kashaun;el-Shareef
32219;ger;Male;Marcello;Galvez
18400;ger;Female;Jeneba;Gallegos
63906;uk;Female;Kaili;Churelchuluun
73309;ger;Male;Aidan;al-Beshara
93576;uk;Female;Michelle;Ishii
62515;uk;Male;Anthony;Morales
72893;ger;Female;Stephanie;Daniels
74288;uk;Male;Christopher;al-Moghaddam
73660;uk;Male;Erik;Younger
99326;ger;Male;Anthony;Le
94086;ger;Female;Samara;Bluford
79707;uk;Female;Teresa;Bunch
62608;uk;Male;Shawqi;Palomino
4426;ger;Male;Nehemiah;Heaton
5511;uk;Female;Johnquetta;Reed
24218;uk;Female;Raaniya;Tran
41416;uk;Female;Nu'ma;Smith
99247;uk;Male;Marcello;Reiss
56649;ger;Male;Muaaid;Colson
9905;ger;Female;Karina;Alvarado
53904;uk;Female;Pragna;Hintz
57868;uk;Male;Pedro;Leon
87124;ger;Male;Thomas;Nelson
49737;uk;Female;Shantel;Mackey
80616;ger;Female;Maya;Negrete
93528;ger;Male;Deven;Babauta
11628;ger;Male;Jose;el-Mirza
24715;uk;Female;Radwa;el-Salih
64191;ger;Male;Ty;Maldonado Mendoza
40615;ger;Female;Rayyana;al-Noori
62191;uk;Female;Nicole;Junta
9999;uk;Female;Elise;Vasquez
3819;ger;Female;Kyrri;Charley
2693;ger;Male;William;Khuu
59461;ger;Male;Lamont;Boyarskaya
32689;uk;Female;Sequoia;Feistel
96000;ger;Male;Christopher;al-Hakeem
70448;uk;Female;Terrell;Houser
42191;uk;Female;Shanice;Rossman
39894;ger;Male;Gerardo;Martin
15844;uk;Female;Breanna;Cordova
18345;ger;Male;Kyle;Fernau
57762;uk;Female;Kawkab;Wingo
86965;uk;Female;Tenai;Duran
83689;ger;Male;Isaiah;Miller
34203;ger;Female;Angela;Pint
14372;uk;Male;Shaakir;Mccarthy
25229;uk;Female;Kristin;Kibozi
75333;ger;Male;Sam;al-Farah
43967;uk;Female;Naqaa;Sanchez
42230;uk;Female;Monica;Torres
56375;uk;Male;Gabriel;el-Aziz
40695;uk;Female;Chantri;el-Mohammed
35438;uk;Female;Charley;Gurreri
10253;ger;Male;Yahya;Wright
36028;ger;Male;Gordon;Lucero
31521;uk;Male;Chuan-Kun;La
22545;uk;Male;China;Way
4965;uk;Female;Vanessa;Sumpter
41016;ger;Female;Jael;Vides
46039;uk;Male;X'Zavion;el-Karimi
51374;uk;Female;Abigail;Russell
18796;uk;Male;Dontay;Smith
26276;uk;Male;Gordon;Dial
93266;ger;Male;Kalle;Radebaugh
62181;ger;Male;Faatih;Hess
33154;ger;Male;Leonardo;Quintana
71595;ger;Male;Howard;el-Mir
27142;uk;Female;Gabriella;Rademacher
1780;ger;Male;Caleb;Brown
60392;uk;Male;Jeffrey;Mills
26126;ger;Male;Razeen;Kreul
12211;uk;Male;Talaal;Harris
66549;ger;Male;David;Rupp
33974;uk;Male;Jeremiah;Mendoza
72742;uk;Male;Marques;Schwarz-Vacca
9052;ger;Male;Craig;Garcia
63638;ger;Female;Hasana;Acosta
44953;uk;Female;Shauna;Stabile
65617;ger;Male;Easten;Cabrera-Ramirez
91559;ger;Female;Nicole;Villagomez
58067;ger;Female;Mei;West
79814;ger;Female;Mileena;Gutierrez
28915;ger;Male;Farley;Kelley
34842;ger;Male;Atif;Lopez
97708;uk;Male;Brandon;Mosley
41730;ger;Male;Tyler;Spruell
79785;ger;Female;Julia;al-Samara
2444;ger;Female;Maggie;Gapp
3532;ger;Female;Anay;Bubke
21997;uk;Female;Kayla;el-Zaki
86926;ger;Male;Dominic;Whitehead
85517;ger;Male;Andrew;Marquez
35173;uk;Female;Elizabeth;el-Ghazal
50038;uk;Female;Veronica;Alvarez
71651;uk;Male;Kosuke;Aguilar Varela
99450;uk;Female;Victoria;Jones
22295;ger;Female;Jessica;al-Shad
39935;uk;Male;Jacob;Strand
17083;uk;Male;Alexander;Mcheard
62438;ger;Female;Hafsa;Lindauer
73940;uk;Male;Mubashshir;al-Galla
72399;uk;Female;Paige;Nixon
54321;ger;Female;Maliyah;Gorgon Delgado
78288;uk;Female;Martia;al-Ghattas
31188;uk;Female;Thaamira;Vang
57606;uk;Male;Darrel;el-Mona
17460;ger;Male;Maisoon;Lopez
31767;uk;Female;Haleigh;Martinez
94823;uk;Female;Monet;Moseley
5436;uk;Male;John;Mohan
70944;ger;Male;Phillip;al-Javed
6383;uk;Male;Jose;Tamura
94196;ger;Female;Lara;Hanne
25913;uk;Male;Shaqeeq;Jantz
29207;ger;Male;Lang;Nguyen
86364;uk;Female;Savannah;Owens
60307;ger;Male;Quinton;al-Madani
67178;uk;Male;Haazim;al-Tamer
43613;uk;Female;Janaya;Giang
54963;ger;Female;Abigail;Karmacharya
22430;ger;Female;Hamdoona;Munguia Villa
97075;uk;Male;Aayid;Coate
75935;ger;Female;Emily;Ybarra
69927;moon;Male;Keanu;Solano
80882;ger;Male;Desmas;Hamlin
19337;uk;Male;Draven;Anderson
99390;ger;Female;Aqeela;Atwood
68927;ger;Male;James;Jesudason
95509;ger;Male;Cameron;Carias
48536;uk;Female;Rose;Mogliolo
19216;ger;Female;Tonja;Matsumoto
65050;ger;Male;Marwaan;Thompson
33065;ger;Male;Cyrill;el-Shams
87378;uk;Male;Jermaine;el-Samra
67830;uk;Female;Ashley;al-Shah
95068;ger;Female;Shamaail;Sandhu
20854;ger;Female;Amy;Joseph
72825;ger;Female;Tina;al-Hatem
18946;ger;Female;Deandra;el-Shahidi
5330;ger;Male;Jeremiah;Morrell
90418;ger;Female;Nicol;Laudel
97073;ger;Female;Jennifer;Shin
28047;ger;Female;Stephanie;Coad
42926;uk;Female;Bre'Anna;Smrekar
55088;ger;Female;Mazeeda;Benjamin
69509;ger;Male;Shaelumiel;Perez
24580;uk;Female;Katherine;Olson
92404;ger;Female;Naomi;Taylor
4698;uk;Male;Ryan;Schultz
18804;ger;Female;Cheyenne;Tizon
77699;uk;Male;Dallas;Ramirez
59089;ger;Male;Andrew;Bruch
30100;uk;Male;Hilmi;Yamasaki
86266;uk;Male;Wajeeh;Eiskina
69635;uk;Female;Sajiyya;Schumacher
44422;ger;Female;Inaaya;Schick
65841;uk;Male;Stephen;el-Siddiqi
61822;ger;Female;Riley;Bickel
16298;uk;Male;Cameron;Coleman
60290;ger;Female;Hishma;Smith
13386;ger;Male;Joshua;el-Koroma
82136;ger;Male;Antonio;Schermer
8554;uk;Female;Wasmaaa;Jennings
64744;uk;Female;Victoria;Williams
8723;ger;Female;Angela;Alferos
64266;ger;Male;Zachary;Watkins
21592;ger;Female;Legacy;Brewster
47751;uk;Female;Anjelique;Suarez
39751;uk;Female;Jessica;Jackson
52937;uk;Male;Verut;Suh
4783;ger;Male;Alfred;Bell
51203;uk;Female;Josie;Phillips
43302;uk;Male;Hamza;Roberts
56494;uk;Male;Xavier;Roth
95955;ger;Male;Rafael;Cobb
83583;uk;Female;Cheyenne;el-Shafi
61515;ger;Male;Walter;Gines
79350;uk;Male;Chase;Brown
45885;uk;Female;Sade;Lerum
80809;uk;Female;Cassidy;Aragon
71333;ger;Male;Victor;Mares
4523;ger;Female;Abigail;Quint-Crowley
27508;ger;Female;Carolyn;Thomas
99358;ger;Female;Kayla;al-Meer
76125;ger;Male;Hayato;Watson
83882;uk;Male;Davieon;el-Hares
29770;ger;Female;Makenna;Iron Cloud
87367;uk;Female;Tayanna;el-Hashem
60967;uk;Male;Joseph;Schwenke
67728;ger;Male;Byunghyun;el-Sala
14042;ger;Male;Cody;Than
86158;ger;Female;Samantha;Martinez
54828;ger;Male;Sean;Drozdowski
2580;uk;Female;Chelsea;el-Beydoun
75106;uk;Female;Alaura;Macdonald
68582;ger;Female;Waajida;el-Noor
30596;uk;Male;Jesse;Kersey
62710;ger;Male;Christopher;el-Huda
26797;ger;Female;Jennifer;Nguyen
73551;ger;Female;Vanessa;Engerman
81958;ger;Male;Luis;el-Ebrahim
93577;ger;Male;Nolyn;Venegas Sosa
86954;uk;Male;Anthony;al-Abdul
47559;uk;Female;Mallory;Lunning
21230;ger;Male;Ramalaan;Gay
79067;uk;Male;Jazen;Mayer
99993;ger;Female;Mahmooda;Huang
80017;uk;Female;Chu Ming Min;al-Aslam
95966;ger;Female;Kayla;Mellon
58797;uk;Male;Michael;Eads
19699;uk;Male;Zechariah;Foley-Stockton
45577;ger;Female;Samaria;Jones
80845;ger;Female;Shaamila;Zhang
71186;ger;Female;Maleeha;Agee-Woods
90739;uk;Female;Lan;el-Tariq
23580;ger;Male;Dylan;Yampolskaya
88618;uk;Male;Abdul Lateef;Trevino
99138;uk;Female;Giau;al-Semaan
3415;uk;Male;Juan;Black
68114;ger;Female;Muntaha;al-Samad
56442;ger;Female;Erin;Gutierrez
74834;uk;Male;David;Nguyen
63094;ger;Male;Quincy;Pigford
20734;uk;Male;Jesus;Berg
97755;uk;Male;Joseph;Lucero-Roller
90536;ger;Female;Tara;Rupp
74915;ger;Male;Jerad;el-Ebrahimi
75871;ger;Male;Arjun;Chhay
63658;ger;Female;Muhjar;Root
1981;ger;Male;Tyjon;Greene
7096;ger;Female;Cristal;Bornhoft
55187;uk;Male;Fat'hi;Batra
21324;ger;Female;Quanisha;Kadarisman
29260;uk;Female;Shabeeba;Aragon
51913;ger;Female;Mallori;Quintero
66186;ger;Female;Jessica;Park
13582;uk;Male;Arkaan;al-Dawood
19189;ger;Female;Keyonna;White
15659;uk;Female;Zulfa;al-Haidar
61131;ger;Male;Jacob;el-Jan
41106;ger;Male;Robert;Askins
16982;ger;Male;William;Johnson
32769;uk;Male;Ereg;Beverly
21349;ger;Female;Nastashia;Ngochi
28121;ger;Male;Muslim;al-Salahuddin
75631;uk;Female;Rachell;Haring
44558;ger;Female;Heather;Lam
95081;uk;Male;Richard;Miyake
43431;uk;Male;Richard;Degena
70991;uk;Female;Hsi Hsi;Dang
24221;uk;Male;Derek;el-Kazmi
22015;uk;Female;Hanaaa;Curry
52446;ger;Male;Razeen;Rodriquez
25568;ger;Female;Rana;Myers
56554;uk;Female;Naadiya;Lindsay
29168;uk;Male;Sergio;Loftin
25049;ger;Female;Shukriyya;Robertson
93064;ger;Male;Maurice;Brooks
43722;uk;Female;Michelle;Edmonds
51121;ger;Female;Davianna;Thomas
62408;ger;Female;Amber;May
16432;ger;Male;Scott;Schmidt
64388;uk;Female;Mayyaada;al-Samra
15037;uk;Male;Hamza;West
66721;uk;Male;James;Schreiber
44409;ger;Female;Hannah;Sok
40625;uk;Female;Amber;Medina
23090;uk;Female;Reeanna;Moore
80362;ger;Male;Sahl;el-Khalili
85393;ger;Female;Amanda;al-Faraj
55974;uk;Female;Erin;Kay
61290;uk;Male;Stephen;Fryer
99638;uk;Male;Sohail;Archambault
29389;uk;Female;Itzel;Alberts
27784;uk;Female;Mary;Vanstraten
79815;ger;Male;Seth;Rosenbrock
17457;ger;Female;Amanda;el-Mansoor
85998;ger;Female;Alexa;Green
79196;ger;Male;Ryan;Meeks
12993;uk;Male;Rodney;Young
56074;uk;Male;Robert;Johnson
32754;uk;Female;Mayra;Herde
50789;uk;Female;Waheeba;Haynie
93220;uk;Female;Karina;Alires Medina
69065;uk;Male;Teddy;Allen
47133;uk;Female;Shayna;Hernandez Cabral
28102;uk;Female;Tiffany;Lottie
60516;ger;Female;Lisa;Le
60045;uk;Female;Dana;Godoy
77669;uk;Male;Brandon;Trindade
40196;uk;Male;Jawhar;Flores
5145;uk;Male;Quincy;Allen
23983;uk;Male;Hunter;al-Tamer
73826;ger;Male;Matthew;Wilson-Perez
22611;ger;Female;Arianne;al-Naim
13614;uk;Male;Shabaan;Rivera
17415;uk;Male;Dominique;Wysocki
60546;ger;Male;Erick;Fernandez Gonzalez
27453;uk;Male;Fateen;Nguyen
67759;ger;Female;Mikaela;Guevara
92882;uk;Female;Darnisha;Maker
26969;uk;Female;Kinaana;Carroll
79200;uk;Male;Wolfgang;Perales
29097;ger;Male;Diego;Khuu
6295;uk;Female;Whisper;Gray
14269;uk;Female;Taylor;Falor
80351;uk;Male;Zubair;Martinez
46557;uk;Male;Raaid;Sath
60228;uk;Male;Abbaad;Estrada
3513;uk;Female;Ghaaliba;Keith
57445;ger;Female;Katelyn;Yim
57425;uk;Female;Christine;Moss
92135;ger;Male;Jerrimy;Redell
60207;ger;Female;Shabeeba;Peterson
51978;uk;Male;Jordan;Palmier
85445;ger;Male;Corey;Mata
44448;ger;Male;Lyndon;al-Sham
64350;uk;Female;Briana;Mangat
85997;uk;Male;Rafael;Esquibel
40806;ger;Female;Gabrielle;Gallegos
67494;uk;Female;Amanda;el-Bacchus
42955;uk;Female;Ashlie;el-Noori
90685;ger;Female;Wasmaaa;al-Iman
3076;uk;Male;Jordan;Weston
57454;ger;Female;Eloise;el-Taha
58595;ger;Male;Keishawn;Navares
70252;uk;Male;Mitchell;Nguyen
80281;ger;Male;Ihaab;Briseno
81851;ger;Male;Timothy;Ruiz Nevarez
73164;uk;Female;Shahaama;al-Shakoor
45861;uk;Male;Deljerro;el-Omer
48906;uk;Male;Brian;Traylor
84115;uk;Female;Shaniya;el-Habibi
97109;uk;Male;Khaleefa;Granados Garcia
46973;uk;Female;Alysse;Meyerhofer
81289;moon;Female;Nabria;Haywood-Morimitsu
43450;uk;Female;Diamond;Perez
35586;uk;Female;Sara;Dinae
31097;ger;Male;Kyle;Marion
12118;ger;Male;Jordan;Long
28750;ger;Female;Cherokee;Mundorf
6720;uk;Male;Chadrick;el-Matin
8967;ger;Female;Julia;Cisse
77950;ger;Male;Zaamil;al-Rad
81633;uk;Male;Cesar;Brutout
44468;uk;Male;Jamile;Rosales-Burciaga
40153;ger;Male;Naasif;Ishii
90092;uk;Female;Shaqeeqa;Wagner
18582;uk;Male;Stephan;al-Bashara
73985;uk;Male;Alexander;Estrada
8589;ger;Female;Amatullah;Griggs
